id;start_date;end_date;description_mission;indicateur_renouvelement;is_active
1;2020-07-06;2020-07-06;calculating Parks interface;orange deposit;Car Ball
2;2020-07-06;2020-07-06;contingency Assistant;Corporate;parse Chair Licensed Rubber Gloves
3;2020-07-06;2020-07-06;Handcrafted Rubber Bike;ADP;Shirt Rubber Handmade
4;2020-07-06;2020-07-06;rich Wooden grey;Identity;Lempira
5;2020-07-06;2020-07-06;Falkland Islands (Malvinas) Applications;application;XML Borders
6;2020-07-06;2020-07-06;Cheese framework Chicken;Tunnel;bypassing
7;2020-07-06;2020-07-06;generate Checking Account Investment Account;neutral;Credit Card Account Tasty Greece
8;2020-07-06;2020-07-06;auxiliary;Gorgeous Granite Pizza SSL;Factors embrace
9;2020-07-06;2020-07-06;Home Loan Account;Small Salad whiteboard;initiative Rapids
10;2020-07-06;2020-07-06;Auto Loan Account Shores;revolutionary Concrete Programmable;navigate Fresh
